Product_Name, Pricing, Rating
Apple iPhone SE (Space Grey| 32 GB),Rs.15999,4.5
Apple iPhone SE (Rose Gold| 32 GB),Rs.15999,4.5
Apple iPhone SE (Silver| 32 GB),Rs.15999,4.5
Apple iPhone SE (Gold| 32 GB),Rs.15999,4.5
Apple iPhone 6s (Rose Gold| 32 GB),Rs.24999,4.4
Apple iPhone 6s (Space Grey| 32 GB),Rs.24999,4.5
Apple iPhone 6s Plus (Rose Gold| 32 GB),Rs.30999,4.4
Apple iPhone 6s Plus (Space Grey| 32 GB),Rs.30999,4.5
Apple iPhone 6s (Gold| 32 GB),Rs.24999,4.4
Apple iPhone 6s Plus (Gold| 32 GB),Rs.30999,4.4
Apple iPhone 7 (Black| 32 GB),Rs.34999,4.5
Apple iPhone 7 (Rose Gold| 32 GB),Rs.34999,4.5
Apple iPhone 6s (Silver| 32 GB),Rs.24999,4.4
Apple iPhone 6 (Space Grey| 32 GB),Rs.23999,4.4
Apple iPhone 7 (Gold| 32 GB),Rs.34999,4.5
Apple iPhone 7 (Jet Black| 32 GB),Rs.40990,4.5
Apple iPhone 6s Plus (Silver| 32 GB),Rs.30999,4.4
Apple iPhone 6 (Gold| 32 GB),Rs.23999,4.4
Apple iPhone 7 (Silver| 32 GB),Rs.34999,4.5
Apple iPhone XS Max (Gold| 64 GB),Rs.109900Up to ,4.7
Apple iPhone 7 Plus (Black| 32 GB),Rs.49990,4.6
Apple iPhone XR ((PRODUCT)RED| 64 GB),Rs.76900Up to ,4.8
Apple iPhone XR (Black| 64 GB),Rs.76900Up to ,4.8
Apple iPhone 7 (Gold| 128 GB),Rs.49890,4.5
